<?xml version="1.0" encoding="UTF-8"?>
<beans xmlns="http://www.springframework.org/schema/beans"
       xmlns:xsi="http://www.w3.org/2001/XMLSchema-instance"
       xmlns:context="http://www.springframework.org/schema/context" xmlns:tx="http://www.springframework.org/schema/tx"
       xmlns:aop="http://www.springframework.org/schema/aop"
       xsi:schemaLocation="http://www.springframework.org/schema/beans
       http://www.springframework.org/schema/beans/spring-beans.xsd
       http://www.springframework.org/schema/context
       http://www.springframework.org/schema/context/spring-context.xsd
       http://www.springframework.org/schema/tx
       http://www.springframework.org/schema/tx/spring-tx.xsd
       http://www.springframework.org/schema/aop
       http://www.springframework.org/schema/aop/spring-aop.xsd">
    <!--加载数据库配置文件-->
    <context:property-placeholder location="classpath:db.properties"/>

    <!--配置数据库连接池-->
    <bean id="dataSource" class="com.alibaba.druid.pool.DruidDataSource" init-method="init" destroy-method="close">
        <property name="driverClassName" value="${jdbc.driverClassName}"/>
        <property name="url" value="${jdbc.url}"/>
        <property name="username" value="${jdbc.username}"/>
        <property name="password" value="${jdbc.password}"/>
    </bean>

    <!--配置SqlSessionFactory 对象-->
    <bean id="配置SqlSessionFactory" class="org.mybatis.spring.SqlSessionFactoryBean">
        <!--连接池-->
        <property name="dataSource" ref="dataSource"/>
    </bean>

    <!--配置Mapper Bean-->
    <bean class="org.mybatis.spring.mapper.MapperScannerConfigurer">
        <property name="basePackage" value="cn.wolfcode.mapper"/>
    </bean>

    <!--配置Service Bean-->
    <context:component-scan base-package="cn.wolfcode.service"/>

    <!--配置事务相关-->
    <bean id="transactionManager" class="org.springframework.jdbc.datasource.DataSourceTransactionManager">
        <property name="dataSource" ref="dataSource"/>
    </bean>
    <tx:advice id="txAdivce" transaction-manager="transactionManager">
        <tx:attributes>
            <tx:method name="get*" read-only="true"/>
            <tx:method name="count*" read-only="true"/>
            <tx:method name="query*" read-only="true"/>
            <tx:method name="list*" read-only="true"/>
            <tx:method name="select*" read-only="true"/>
            <tx:method name="*"/>
        </tx:attributes>
    </tx:advice>
    <aop:config>
        <aop:pointcut id="txPointcut" expression="execution(* cn.wolfcode.service.impl.*ServiceImpl.*(..))"/>
        <aop:advisor pointcut-ref="txPointcut" advice-ref="txAdivce"/>
    </aop:config>
</beans>
