<?xml version="1.0" encoding="UTF-8" ?>
<!DOCTYPE mapper PUBLIC "-//mybatis.org//DTD Mapper 3.0//EN" "http://mybatis.org/dtd/mybatis-3-mapper.dtd" >
<mapper namespace="cn.wolfcode.mapper.DepartmentMapper" >
  <resultMap id="BaseResultMap" type="cn.wolfcode.domain.Department" >
    <id column="id" property="id" jdbcType="BIGINT" />
    <result column="name" property="name" jdbcType="VARCHAR" />
    <result column="sn" property="sn" jdbcType="VARCHAR" />
  </resultMap>
  <delete id="deleteByPrimaryKey" parameterType="java.lang.Long" >
    delete from department
    where id = #{id,jdbcType=BIGINT}
  </delete>
  <insert id="insert" parameterType="cn.wolfcode.domain.Department" useGeneratedKeys="true" keyProperty="id" >
    insert into department (name, sn)
    values (#{name,jdbcType=VARCHAR}, #{sn,jdbcType=VARCHAR})
  </insert>
  <update id="updateByPrimaryKey" parameterType="cn.wolfcode.domain.Department" >
    update department
    set name = #{name,jdbcType=VARCHAR},
      sn = #{sn,jdbcType=VARCHAR}
    where id = #{id,jdbcType=BIGINT}
  </update>
  <select id="selectByPrimaryKey" resultMap="BaseResultMap" parameterType="java.lang.Long" >
    select id, name, sn
    from department
    where id = #{id,jdbcType=BIGINT}
  </select>
  <select id="selectAll" resultMap="BaseResultMap" >
    select id, name, sn
    from department
  </select>
  <select id="queryForCount" resultType="java.lang.Integer">
    select count(*)
    from department
  </select>
  <select id="queryForList" resultType="cn.wolfcode.domain.Department">
    select id,name ,sn
    from department
    LIMIT #{start},#{pageSize}
  </select>
</mapper>