<?xml version="1.0" encoding="UTF-8" ?>
<!DOCTYPE configuration
PUBLIC "-//mybatis.org//DTD Config 3.0//EN" 
"http://mybatis.org/dtd/mybatis-3-config.dtd">
<configuration>
	<properties resource="db.properties"/>
	<typeAliases>
		<package name="cn.wolfcode.employeetest.domain"/>
	</typeAliases>
	<environments default="dev">
		<environment id="dev">
			<!-- 事务管理器 -->
			<transactionManager type="JDBC"/>
			<!-- 连接池 -->
			<dataSource type="POOLED">
				<property name="driver" value="${driverClassName}"/>
				<property name="url" value="${url}"/>
				<property name="username" value="${username}"/>
				<property name="password" value="${password}"/>
			</dataSource>
		</environment>
	</environments>
	<!-- 关联mapper映射文件:
		在加载主配置文件的同时将mapper文件也加载进来
		resource:指定mapper文件的路径,从classpath根路径开始找
	 -->
	 <mappers>
	 	<mapper resource="cn/wolfcode/employeetest/mapper/EmployeeMapper.xml"/>
	 </mappers>
</configuration>