<?xml version="1.0" encoding="UTF-8"?>
<!DOCTYPE mapper PUBLIC
"-//mybatis.org//DTD Mapper 3.0//EN"
"http://mybatis.org/dtd/mybatis-3-mapper.dtd">
<mapper namespace="cn.wolfcode.managesystem.mapper.DepartmentMapper">
	<!-- 数据插入 -->
	<insert id="insert">
		insert into t_department values(null,#{dep_name},#{dep_id})
	</insert>
	
	<!-- 数据删除 -->
	<delete id="delete">
		delete from t_department where id = #{id}
	</delete>
	
	<!-- 数据更新 -->
	<update id="update">
		update t_department set
			dep_name = #{dep_name},
			dep_id = #{dep_id}
			where id =#{id}
	</update>
	
	<!-- 单条数据查询 -->
	<select id="selectOne" resultType="department">
		select * from t_department where id = #{id}
	</select>
	
	<!-- 查询总条数 -->
	<select id="selectForCount" resultType="int">
		select count(*) from t_department
	</select>
	
	<!-- 分页查询 -->
	<select id="queryForList" resultType="department">
		select * from t_department limit #{start},#{pageSize}
	</select>
</mapper>
